STATION,NAME,LATITUDE,LONGITUDE,ELEVATION,DATE,SOURCE,REPORT_TYPE,CALL_SIGN,QUALITY_CONTROL,AA1,AA2,AA3,AJ1,AY1,AY2,CALL_SIGN,CIG,DEW,ED1,EQD,GA1,GA2,GA3,GA4,GE1,GF1,IA2,KA1,KA2,MA1,MD1,MW1,MW2,MW3,MW4,OC1,OD1,QUALITY_CONTROL,REM,REPORT_TYPE,SLP,SOURCE,TMP,VIS,WND
59287199999,"HUANGHUA, CH",28.189158,113.219633,66.14,2025-05-17T00:00:00,4,FM-15,99999,V020,,,,,,,99999,"99999,9,9,N","+0220,1",,,"04,1,+00183,1,99,9",,,,"9,AGL   ,+99999,+99999","99,99,9,04,1,99,9,00183,1,99,9,99,9",,,,"10110,1,99999,9",,,,,,,,V020,MET066METAR ZGHA 170000Z 19002MPS 160V240 7000 SCT006 23/22 Q1011 NOSIG=,FM-15,"99999,9",4,"+0230,1","007000,1,9,9","190,1,V,0020,1"
59287199999,"HUANGHUA, CH",28.189158,113.219633,66.14,2025-05-17T01:00:00,4,FM-15,99999,V020,,,,,,,99999,"22000,1,9,N","+0220,1",,,,,,,,"00,99,1,99,9,99,9,99999,9,99,9,99,9",,,,"10110,1,99999,9",,,,,,,,V020,MET063METAR ZGHA 170100Z 09002MPS 040V160 6000 NSC 24/22 Q1011 NOSIG=,FM-15,"99999,9",4,"+0240,1","006000,1,9,9","090,1,V,0020,1"
59287199999,"HUANGHUA, CH",28.189158,113.219633,66.14,2025-05-17T02:00:00,4,FM-15,99999,V020,,,,,,,99999,"22000,1,9,N","+0220,1",,,,,,,,"00,99,1,99,9,99,9,99999,9,99,9,99,9",,,,"10110,1,99999,9",,,,,,,,V020,MET055METAR ZGHA 170200Z 16002MPS 8000 NSC 25/22 Q1011 NOSIG=,FM-15,"99999,9",4,"+0250,1","008000,1,9,9","160,1,N,0020,1"
59287199999,"HUANGHUA, CH",28.189158,113.219633,66.14,2025-05-17T03:00:00,4,FM-15,99999,V020,,,,,,,99999,"99999,9,9,Y","+0230,1",,,,,,,,,,,,"10110,1,99999,9",,,,,,,,V020,MET060METAR ZGHA 170300Z 18002MPS 130V230 CAVOK 26/23 Q1011 NOSIG=,FM-15,"99999,9",4,"+0260,1","009900,5,9,9","180,1,V,0020,1"
59287199999,"HUANGHUA, CH",28.189158,113.219633,66.14,2025-05-17T04:00:00,4,FM-15,99999,V020,,,,,,,99999,"22000,1,9,N","+0230,1",,,,,,,,"00,99,1,99,9,99,9,99999,9,99,9,99,9",,,,"10100,1,99999,9",,"61,1",,,,,,V020,MET067METAR ZGHA 170400Z 14004MPS 120V200 9999 -RA NSC 26/23 Q1010 NOSIG=,FM-15,"99999,9",4,"+0260,1","009999,1,9,9","140,1,V,0040,1"
59287199999,"HUANGHUA, CH",28.189158,113.219633,66.14,2025-05-17T05:00:00,4,FM-15,99999,V020,,,,,,,99999,"99999,9,9,Y","+0230,1",,,,,,,,,,,,"10100,1,99999,9",,,,,,,,V020,MET052METAR ZGHA 170500Z VRB01MPS CAVOK 27/23 Q1010 NOSIG=,FM-15,"99999,9",4,"+0270,1","009900,5,9,9","999,9,V,0010,1"
59287199999,"HUANGHUA, CH",28.189158,113.219633,66.14,2025-05-17T06:00:00,4,FM-15,99999,V020,,,,,,,99999,"99999,9,9,Y","+0240,1",,,,,,,,,,,,"10090,1,99999,9",,,,,,,,V020,MET060METAR ZGHA 170600Z 23002MPS 180V270 CAVOK 28/24 Q1009 NOSIG=,FM-15,"99999,9",4,"+0280,1","009900,5,9,9","230,1,V,0020,1"
59287199999,"HUANGHUA, CH",28.189158,113.219633,66.14,2025-05-17T07:00:00,4,FM-15,99999,V020,,,,,,,99999,"99999,9,9,Y","+0230,1",,,,,,,,,,,,"10090,1,99999,9",,,,,,,,V020,MET052METAR ZGHA 170700Z VRB01MPS CAVOK 30/23 Q1009 NOSIG=,FM-15,"99999,9",4,"+0300,1","009900,5,9,9","999,9,V,0010,1"
59287199999,"HUANGHUA, CH",28.189158,113.219633,66.14,2025-05-17T08:00:00,4,FM-15,99999,V020,,,,,,,99999,"99999,9,9,Y","+0220,1",,,,,,,,,,,,"10090,1,99999,9",,,,,,,,V020,MET060METAR ZGHA 170800Z 04002MPS 020V100 CAVOK 30/22 Q1009 NOSIG=,FM-15,"99999,9",4,"+0300,1","009900,5,9,9","040,1,V,0020,1"
59287199999,"HUANGHUA, CH",28.189158,113.219633,66.14,2025-05-17T09:00:00,4,FM-15,99999,V020,,,,,,,99999,"99999,9,9,Y","+0230,1",,,,,,,,,,,,"10080,1,99999,9",,,,,,,,V020,MET052METAR ZGHA 170900Z 04003MPS CAVOK 30/23 Q1008 NOSIG=,FM-15,"99999,9",4,"+0300,1","009900,5,9,9","040,1,N,0030,1"
59287199999,"HUANGHUA, CH",28.189158,113.219633,66.14,2025-05-17T10:00:00,4,FM-15,99999,V020,,,,,,,99999,"99999,9,9,Y","+0230,1",,,,,,,,,,,,"10090,1,99999,9",,,,,,,,V020,MET060METAR ZGHA 171000Z 04002MPS 010V070 CAVOK 29/23 Q1009 NOSIG=,FM-15,"99999,9",4,"+0290,1","009900,5,9,9","040,1,V,0020,1"
59287199999,"HUANGHUA, CH",28.189158,113.219633,66.14,2025-05-17T11:00:00,4,FM-15,99999,V020,,,,,,,99999,"99999,9,9,Y","+0230,1",,,,,,,,,,,,"10090,1,99999,9",,,,,,,,V020,MET052METAR ZGHA 171100Z 01003MPS CAVOK 28/23 Q1009 NOSIG=,FM-15,"99999,9",4,"+0280,1","009900,5,9,9","010,1,N,0030,1"
59287199999,"HUANGHUA, CH",28.189158,113.219633,66.14,2025-05-17T12:00:00,4,FM-15,99999,V020,,,,,,,99999,"99999,9,9,Y","+0230,1",,,,,,,,,,,,"10090,1,99999,9",,,,,,,,V020,MET052METAR ZGHA 171200Z 03002MPS CAVOK 28/23 Q1009 NOSIG=,FM-15,"99999,9",4,"+0280,1","009900,5,9,9","030,1,N,0020,1"
59287199999,"HUANGHUA, CH",28.189158,113.219633,66.14,2025-05-17T13:00:00,4,FM-15,99999,V020,,,,,,,99999,"99999,9,9,Y","+0240,1",,,,,,,,,,,,"10100,1,99999,9",,,,,,,,V020,MET052METAR ZGHA 171300Z VRB01MPS CAVOK 27/24 Q1010 NOSIG=,FM-15,"99999,9",4,"+0270,1","009900,5,9,9","999,9,V,0010,1"
59287199999,"HUANGHUA, CH",28.189158,113.219633,66.14,2025-05-17T14:00:00,4,FM-15,99999,V020,,,,,,,99999,"99999,9,9,Y","+0240,1",,,,,,,,,,,,"10100,1,99999,9",,,,,,,,V020,MET052METAR ZGHA 171400Z 02002MPS CAVOK 27/24 Q1010 NOSIG=,FM-15,"99999,9",4,"+0270,1","009900,5,9,9","020,1,N,0020,1"
59287199999,"HUANGHUA, CH",28.189158,113.219633,66.14,2025-05-17T15:00:00,4,FM-15,99999,V020,,,,,,,99999,"99999,9,9,Y","+0240,1",,,,,,,,,,,,"10110,1,99999,9",,,,,,,,V020,MET052METAR ZGHA 171500Z VRB01MPS CAVOK 26/24 Q1011 NOSIG=,FM-15,"99999,9",4,"+0260,1","009900,5,9,9","999,9,V,0010,1"
59287199999,"HUANGHUA, CH",28.189158,113.219633,66.14,2025-05-17T16:00:00,4,FM-15,99999,V020,,,,,,,99999,"99999,9,9,Y","+0230,1",,,,,,,,,,,,"10110,1,99999,9",,,,,,,,V020,MET052METAR ZGHA 171600Z 16002MPS CAVOK 26/23 Q1011 NOSIG=,FM-15,"99999,9",4,"+0260,1","009900,5,9,9","160,1,N,0020,1"
59287199999,"HUANGHUA, CH",28.189158,113.219633,66.14,2025-05-17T17:00:00,4,FM-15,99999,V020,,,,,,,99999,"99999,9,9,Y","+0230,1",,,,,,,,,,,,"10100,1,99999,9",,,,,,,,V020,MET052METAR ZGHA 171700Z 16003MPS CAVOK 25/23 Q1010 NOSIG=,FM-15,"99999,9",4,"+0250,1","009900,5,9,9","160,1,N,0030,1"
59287199999,"HUANGHUA, CH",28.189158,113.219633,66.14,2025-05-17T18:00:00,4,FM-15,99999,V020,,,,,,,99999,"99999,9,9,Y","+0230,1",,,,,,,,,,,,"10100,1,99999,9",,,,,,,,V020,MET052METAR ZGHA 171800Z 19002MPS CAVOK 24/23 Q1010 NOSIG=,FM-15,"99999,9",4,"+0240,1","009900,5,9,9","190,1,N,0020,1"
59287199999,"HUANGHUA, CH",28.189158,113.219633,66.14,2025-05-17T19:00:00,4,FM-15,99999,V020,,,,,,,99999,"99999,9,9,Y","+0220,1",,,,,,,,,,,,"10100,1,99999,9",,,,,,,,V020,MET052METAR ZGHA 171900Z 17001MPS CAVOK 24/22 Q1010 NOSIG=,FM-15,"99999,9",4,"+0240,1","009900,5,9,9","170,1,N,0010,1"
59287199999,"HUANGHUA, CH",28.189158,113.219633,66.14,2025-05-17T20:00:00,4,FM-15,99999,V020,,,,,,,99999,"99999,9,9,N","+0220,1",,,"02,1,+00762,1,99,9",,,,"9,AGL   ,+99999,+99999","99,99,9,02,1,99,9,00762,1,99,9,99,9",,,,"10100,1,99999,9",,,,,,,,V020,MET058METAR ZGHA 172000Z VRB01MPS 9999 FEW025 24/22 Q1010 NOSIG=,FM-15,"99999,9",4,"+0240,1","009999,1,9,9","999,9,V,0010,1"
59287199999,"HUANGHUA, CH",28.189158,113.219633,66.14,2025-05-17T21:00:00,4,FM-15,99999,V020,,,,,,,99999,"99999,9,9,N","+0220,1",,,"02,1,+00975,1,99,9",,,,"9,AGL   ,+99999,+99999","99,99,9,02,1,99,9,00975,1,99,9,99,9",,,,"10100,1,99999,9",,,,,,,,V020,MET058METAR ZGHA 172100Z VRB01MPS 9999 FEW032 24/22 Q1010 NOSIG=,FM-15,"99999,9",4,"+0240,1","009999,1,9,9","999,9,V,0010,1"
59287199999,"HUANGHUA, CH",28.189158,113.219633,66.14,2025-05-17T22:00:00,4,FM-15,99999,V020,,,,,,,99999,"99999,9,9,N","+0230,1",,,"02,1,+00975,1,99,9",,,,"9,AGL   ,+99999,+99999","99,99,9,02,1,99,9,00975,1,99,9,99,9",,,,"10100,1,99999,9",,,,,,,,V020,MET058METAR ZGHA 172200Z 03001MPS 9999 FEW032 24/23 Q1010 NOSIG=,FM-15,"99999,9",4,"+0240,1","009999,1,9,9","030,1,N,0010,1"
59287199999,"HUANGHUA, CH",28.189158,113.219633,66.14,2025-05-17T23:00:00,4,FM-15,99999,V020,,,,,,,99999,"99999,9,9,N","+0230,1",,,"02,1,+00975,1,99,9",,,,"9,AGL   ,+99999,+99999","99,99,9,02,1,99,9,00975,1,99,9,99,9",,,,"10100,1,99999,9",,,,,,,,V020,MET058METAR ZGHA 172300Z VRB01MPS 9999 FEW032 24/23 Q1010 NOSIG=,FM-15,"99999,9",4,"+0240,1","009999,1,9,9","999,9,V,0010,1"
57687099999,"CHANGSHA, CH",28.1166666,112.7833333,120.0,2025-05-17T00:00:00,4,FM-12,99999,V020,"24,0000,9,1","99,9999,9,9",,"9999,9,9,999999,9,9","0,1,99,9","0,1,99,9",99999,"99999,9,9,9","+0229,1",,,,,,,,,"999,+0208,9","120,M,+0281,1","120,N,+0207,1","99999,9,09967,1","2,1,015,1,-009,1","10,1",,,,"0062,1","3,99,0062,1,160",V020,SYN004BUFR,FM-12,"10106,1",4,"+0230,1","004000,1,9,9","360,1,N,0002,1"
57687099999,"CHANGSHA, CH",28.1166666,112.7833333,120.0,2025-05-17T03:00:00,4,FM-12,99999,V020,"24,9999,9,9",,,,"0,1,99,9","0,1,99,9",99999,"99999,9,9,9","+0244,1",,Q01  99993PRCP99Q02  99993PRCP99,,,,,,,"999,+0208,9","120,M,+0281,1","120,N,+0214,1","99999,9,09965,1","7,1,002,1,-014,1","21,1",,,,"0062,1","3,99,0062,1,160",V020,SYN004BUFR,FM-12,"10103,1",4,"+0257,1","009200,1,9,9","138,1,N,0022,1"
57687099999,"CHANGSHA, CH",28.1166666,112.7833333,120.0,2025-05-17T06:00:00,4,FM-12,99999,V020,"24,0000,9,1","99,9999,9,9",,"9999,9,9,999999,9,9","0,1,99,9","0,1,99,9",99999,"99999,9,9,9","+0235,1",,,,,,,,,"999,+0208,9","120,M,+0289,1","120,N,+0214,1","99999,9,09955,1","7,1,010,1,-003,1","00,1",,,,"0062,1","3,99,0062,1,160",V020,SYN004BUFR,FM-12,"10093,1",4,"+0287,1","011900,1,9,9","124,1,N,0013,1"
57687099999,"CHANGSHA, CH",28.1166666,112.7833333,120.0,2025-05-17T09:00:00,4,FM-12,99999,V020,"24,9999,9,9",,,,"0,1,99,9","0,1,99,9",99999,"99999,9,9,9","+0234,1",,Q01  99993PRCP99Q02  99993PRCP99,,,,,,,"999,+0208,9","120,M,+0308,1","120,N,+0214,1","99999,9,09946,1","7,1,009,1,+002,1","00,1",,,,"0062,1","3,99,0062,1,160",V020,SYN004BUFR,FM-12,"10084,1",4,"+0295,1","013500,1,9,9","075,1,N,0021,1"
57687099999,"CHANGSHA, CH",28.1166666,112.7833333,120.0,2025-05-17T12:00:00,4,FM-12,99999,V020,"24,0000,9,1","99,9999,9,9",,"9999,9,9,999999,9,9","0,1,99,9","0,1,99,9",99999,"99999,9,9,9","+0251,1",,,,,,,,,"999,+0257,9","120,M,+0308,1","120,N,+0214,1","99999,9,09951,1","2,1,005,1,+004,1","00,1",,,,,"3,99,0046,1,027",V020,SYN004BUFR,FM-12,"10089,1",4,"+0270,1","007500,1,9,9","009,1,N,0022,1"
57687099999,"CHANGSHA, CH",28.1166666,112.7833333,120.0,2025-05-17T15:00:00,4,FM-12,99999,V020,"24,9999,9,9",,,,,,99999,"99999,9,9,9","+0252,1",,Q01  99993PRCP99Q02  99993PRCP99,,,,,,,"999,+0247,9","120,M,+0308,1","120,N,+0214,1","99999,9,09967,1","2,1,016,1,+005,1","60,1",,,,,"3,99,0046,1,027",V020,SYN004BUFR,FM-12,"10105,1",4,"+0252,1","005800,1,9,9","253,1,N,0011,1"
57687099999,"CHANGSHA, CH",28.1166666,112.7833333,120.0,2025-05-17T18:00:00,4,FM-12,99999,V020,"24,0001,3,1",,,,"0,1,99,9","0,1,99,9",99999,"99999,9,9,9","+0242,1",,Q01  00013PRCP99Q02  00013PRCP99,,,,,,,"999,+0239,9","120,M,+0308,1","120,N,+0214,1","99999,9,09962,1","7,1,005,1,+008,1","10,1",,,,,"3,99,0046,1,027",V020,SYN004BUFR,FM-12,"10099,1",4,"+0242,1","002900,1,9,9","272,1,N,0009,1"
57687099999,"CHANGSHA, CH",28.1166666,112.7833333,120.0,2025-05-17T21:00:00,4,FM-12,99999,V020,"24,0001,3,1",,,,,,99999,"99999,9,9,9","+0234,1",,Q01  00013PRCP99Q02  00013PRCP99,,,,,,,"999,+0232,9","120,M,+0308,1","120,N,+0214,1","99999,9,09957,1","7,1,005,1,+005,1","10,1",,,,,"3,99,0046,1,027",V020,SYN004BUFR,FM-12,"10094,1",4,"+0240,1","005500,1,9,9","281,1,N,0011,1"
